-- phpMyAdmin SQL Dump
-- version 4.4.0
-- http://www.phpmyadmin.net
--
-- Хост: 127.0.0.1
-- Время создания: Май 30 2015 г., 08:38
-- Версия сервера: 5.6.23-log
-- Версия PHP: 5.6.7

start transaction;

SET SQL_MODE = "NO_AUTO_VALUE_ON_ZERO";
SET time_zone = "+00:00";

/*!40101 SET @OLD_CHARACTER_SET_CLIENT=@@CHARACTER_SET_CLIENT */;
/*!40101 SET @OLD_CHARACTER_SET_RESULTS=@@CHARACTER_SET_RESULTS */;
/*!40101 SET @OLD_COLLATION_CONNECTION=@@COLLATION_CONNECTION */;
/*!40101 SET NAMES utf8 */;

--
-- База данных: `e-vote`
--

-- --------------------------------------------------------

--
-- Дамп данных таблицы `type_answer`
--

INSERT INTO `answer_type` (`id_answer_type`, `type`) VALUES
(3, 'Воздержался'),
(1, 'За'),
(2, 'Против');

-- --------------------------------------------------------

--
-- Дамп данных таблицы `owner_type`
--

INSERT INTO `owner_type` (`id_owner_type`, `type`) VALUES
(1, 'Тип 1'),
(2, 'Тип 2');

-- --------------------------------------------------------

--
-- Дамп данных таблицы `building`
--

INSERT INTO `building` (`id_building`, `street`, `street_number`, `block`, `block_type`) VALUES
(1, 'Варшавская', 23, 1, 'Литера А'),
(2, 'Кузнецовская', 12, 2, 'Литера А'),
(3, 'Кузнецовская', 1, 2, '1'),
(4, 'Варшавская', 22, 1, 'Литера А'),
(5, 'Варшавская', 22, 1, 'Литера Б'),
(6, 'Варшавская', 22, 2, '1'),
(7, 'Варшавская', 20, 1, '1'),
(8, 'Варшавская', 21, 2, '2'),
(9, 'Варшавская', 21, 3, '1');

-- --------------------------------------------------------

--
-- Дамп данных таблицы `meeting`
--

INSERT INTO `meeting` (`id_meeting`, `id_building`, `date_start`, `date_end`, `absent_voting`) VALUES
(9, 1, '2015-04-15', '2015-04-25', 0),
(10, 1, '2015-04-02', '2015-04-12', 1),
(11, 2, '2015-04-30', '2015-05-05', 1),
(12, 1, '2016-04-02', '2016-04-12', 1),
(13, 2, '2015-11-30', '2016-01-05', 1),
(14, 2, '2015-10-02', '2016-04-12', 1),
(15, 1, '2015-11-30', '2016-02-05', 1),
(16, 2, '2015-12-01', '2016-01-05', 1);

-- --------------------------------------------------------

--
-- Дамп данных таблицы `owner`
--

INSERT INTO `owner` (`id_owner`, `id_owner_type`, `name`, `patronymic`, `surname`, `snils`) VALUES
(1, 1, 'Иван', 'Иванович', 'Иванов', '1245896'),
(2, 1, 'Петр', 'Петрович', 'Петров', '12596874'),
(3, 1, 'Admin', 'A', 'A', '123'),
(4, 1, 'Сергей', 'Сергеевич', 'Сергеев', '142536'),
(5, 1, 'Анна', 'Сергеевна', 'Шумакова', '1425363'),
(6, 1, 'Анна', 'Егоровна', 'Егорова', '1234569875');

-- --------------------------------------------------------

--
-- Дамп данных таблицы `premise`
--

INSERT INTO `premise` (`id_premise`, `id_building`, `number`, `number_add`, `floor`, `porch`, `cadastral_number`, `rooms`, `area`, `area_rosreestr`, `living_space`, `kitchen_space`, `public_facilities_space`) VALUES
(4, 1, 3, '3', 3, 3, '2345', 56, 56, 56, 56, 56, 56),
(5, 1, 2, '1', 1, 1, '45253', 2, 53, 53, 30, 9, 14),
(6, 1, 23, '23', 23, 23, '32', 23, 23, 32, 32, 23, 23),
(7, 1, 23, '23', 23, 23, '32', 23, 23, 32, 32, 23, 23),
(8, 1, 23, '23', 23, 23, '32', 23, 23, 32, 32, 23, 23),
(9, 1, 23, '23', 23, 23, '32', 23, 23, 32, 32, 23, 23),
(10, 1, 2, '1', 1, 1, '12569874563', 2, 45, 45, 6, 28, 11);

-- --------------------------------------------------------

--
-- Дамп данных таблицы `question`
--

INSERT INTO `question` (`id_question`, `id_meeting`, `question`, `sequence_no`) VALUES
(15, 9, 'Вопрос1', 1),
(16, 9, 'Вопрос 2', 2),
(17, 10, 'Вопрос 1.1', 1),
(18, 10, 'Вопрос 2.2', 2),
(19, 10, 'Вопрос 3.3', 3);

-- --------------------------------------------------------

--
-- Дамп данных таблицы `answer`
--

INSERT INTO `answer` (`id_question`, `id_owner`, `id_answer_type`) VALUES
(15, 6, 2),
(16, 6, 2);

-- --------------------------------------------------------

--
-- Дамп данных таблицы `rights`
--

INSERT INTO `property_rights` (`id_rights`, `id_premise`, `id_owner`, `share_numerator`, `share_denominator`, `regnumber`, `regdate`) VALUES
(1, 4, 2, 12, 12, 12, '2015-01-16'),
(2, 5, 6, 1254, 125, 12, '2015-05-01'),
(3, 6, 1, 40, 40, 456963, '2013-02-13'),
(4, 6, 5, 60, 60, 7896532, '2013-02-13');

-- --------------------------------------------------------

--
-- Дамп данных таблицы `users`
--

INSERT INTO `user` (`id_user`, `id_owner`, `name`, `patronymic`, `surname`, `phone`, `email`, `login`, `password`, `id_premise`, `admin`, `status`) VALUES
(11, 1, 'Иван', 'Иванович', 'Иванов', '8-921-478-45-96', 'ivanov@com', 'Ivanovich', '7fa8282ad93047a4d6fe6111c93b308a', 4, 0, 1),
(12, NULL, 'Сергей', 'Иванович', 'Сергеев', '125698', '58932369', 'qwerty', '7fa8282ad93047a4d6fe6111c93b308a', 7, 1, 0),
(14, 6, 'Анна', 'Егоровна', 'Егорова', '2536987456', 'Anna@com', 'Anna@com', '7fa8282ad93047a4d6fe6111c93b308a', 4, 0, 0),
(15, NULL, 'Иван', 'Сергеевич', 'Петров', '25698743', 'fgh@bn', 'Ivan@ru', '7fa8282ad93047a4d6fe6111c93b308a', 9, 0, 0),
(16, NULL, 'Сергей', 'Юрьевич', 'Антонов', '1425896', 'бтрншзж', 'sergey', '7fa8282ad93047a4d6fe6111c93b308a', 5, 0, 0);



/*!40101 SET CHARACTER_SET_CLIENT=@OLD_CHARACTER_SET_CLIENT */;
/*!40101 SET CHARACTER_SET_RESULTS=@OLD_CHARACTER_SET_RESULTS */;
/*!40101 SET COLLATION_CONNECTION=@OLD_COLLATION_CONNECTION */;
